PageUrl,ProductLink,ProductTitle,Manufacture,Image Url,ProductPrice,ASIN,Description,Extra Description
"https://www.amazon.com/s/ref=sr_pg_1?rh=n%3A7141123011%2Cn%3A7147441011%2Cn%3A6358539011%2Cn%3A6358540011%2Cp_85%3A2470955011%2Cp_36%3A140000-600000&bbn=6358540011&ie=UTF8&qid=1549119268&lo=fashion
",https://www.amazon.com/Casio-G-Shock-MRGG2000R-1A-Titanium-Bluetooth/dp/B07LDLWN7J/ref=sr_1_1/147-1723877-0235427?s=apparel&rps=1&ie=UTF8&qid=1549228395&sr=1-1&nodeID=6358540011&psd=1&refinements=p_85%3A2470955011%2Cp_36%3A140000-600000,Casio G-Shock MR-G MRGG2000R-1A Titanium Tough Solar Bluetooth Watch,Casio,https://images-na.ssl-images-amazon.com/images/I/61ZUZb1XpKL._UL1200_.jpg,"$2,800.00",B07LDLWN7J,,"Brand, Seller, or Collection Name:Casio
Part Number:MRGG2000R-1A
Display Type:Analog
Case diameter:5.5 centimeters
Bezel material:Titanium case with black DLC plated bezel
Special features:Bluetooth Smartphone Sync, Sapphire Crystal, Super Illuminator, Carbon Hands, Anti-Vibration Screw
Water resistant depth:200 Meters
"
PageUrl,ProductLink,ProductTitle,Manufacture,Image Url,ProductPrice,ASIN,Description,Extra Description
https://www.amazon.com/s/ref=sr_nr_p_36_0?rnid=2661611011&rh=n%3A7141123011%2Cn%3A7147440011%2Cn%3A6358543011%2Cn%3A6358544011%2Cp_85%3A2470955011%2Cp_36%3A140000-99999999&qid=1549119149&bbn=6358544011&low-price=1%2C400&high-price=6000,https://www.amazon.com/Cartier-Automatic-Silver-Opaline-WSRN0021/dp/B077QPVPRL/ref=sr_1_3/136-8940271-2225933?s=apparel&rps=1&ie=UTF8&qid=1549281861&sr=1-3&nodeID=6358544011&psd=1&refinements=p_85%3A2470955011%2Cp_36%3A140000-600000,Cartier Ronde Solo Automatic Silver Opaline Dial Ladies Watch WSRN0021,Cartier,https://images-na.ssl-images-amazon.com/images/I/51xBAUUwa1L._UL1000_.jpg,"$2,932.00",B077QPVPRL,Cartier Ronde Solo Automatic Silver Opaline Dial Ladies Watch WSRN0021,"Brand, Seller, or Collection Name:Cartier
Model number:WSRN0021
Part Number:WSRN0021
Item Shape:Round
Dial window material type:Anti reflective sapphire
Display Type:Analog
Clasp:Deployment-buckle
Case material:Stainless steel
Case diameter:36 millimeters
Case Thickness:9.46
Band Material:(Calfskin) Leather
Band Color:Black
Dial color:Silver Opaline
Bezel material:Fixed
Special features:Fixed Bezel
Movement:Automatic self wind
Water resistant depth:30 Meters
"
https://www.amazon.com/s/ref=sr_nr_p_36_0?rnid=2661611011&rh=n%3A7141123011%2Cn%3A7147440011%2Cn%3A6358543011%2Cn%3A6358544011%2Cp_85%3A2470955011%2Cp_36%3A140000-99999999&qid=1549119149&bbn=6358544011&low-price=1%2C400&high-price=6000,https://www.amazon.com/MICHELE-Womens-MWW06P000100-Analog-Display/dp/B00685OWNC/ref=sr_1_4/136-8940271-2225933?s=apparel&rps=1&ie=UTF8&qid=1549281861&sr=1-4&nodeID=6358544011&psd=1&refinements=p_85%3A2470955011%2Cp_36%3A140000-600000,MICHELE Women's MWW06P000100 Deco Analog Display Swiss Quartz Gold Watch,MICHELE,https://images-na.ssl-images-amazon.com/images/I/91g%2BJXwubVL._UL1500_.jpg,"$1,695.00",B00685OWNC,"White Mother Of Pearl Dial. 120 Diamonds Set on Bezel. Chronograph. Swiss Quartz Movement. Polished Gold Tone Case & Bracelet. Mineral Crystal. Water Resistant 50 Meters. Case 33mm x 46mm. Deployment Buckle.Inspired by his daughter Michele, second-generation watchmaker Jack Barouh began his rise to prominence in the watch industry by creating a line of colorful children's watches that were extremely well received. Sophisticated grown-up designs followed, and ultimately a new fine watch brand was born. Michele Watches made its debut with the celebrated CSX Diamond collection, the first of many collections to follow.Michele Barouh herself joined the company in 2000, having quite literally grown up in the business, and now serves as its Creative Director. Michele Watches transcends global boundaries, relying on international designers to create fine quality timepieces for the world market. Sophisticated and unique, the MW Collection displays cutting-edge fashion, an unwavering attention to detail, and an emphasis on quality and value that honors three generations of watchmaking tradition.See all Product description","Brand, Seller, or Collection Name:MICHELE
Model number:MWW06P000100
Part Number:MWW06P000100
Model Year:2016
Item Shape:rectangle
Dial window material type:Synthetic sapphire
Display Type:Analog
Clasp:deployant-clasp-with-double-push-button
Case material:Stainless steel
Case diameter:33 millimeters
Case Thickness:10.5 millimeters
Band Material:Stainless steel
Band length:Women's Standard
Band width:18 millimeters
Band Color:Gold
Dial color:Mother of pearl
Bezel material:Stainless steel
Bezel function:Stationary
Calendar:Date
Special features:Chronograph
Item weight:14.40 Ounces
Movement:Swiss quartz
Water resistant depth:165 Feet
"
https://www.amazon.com/s/ref=sr_nr_p_36_0?rnid=2661611011&rh=n%3A7141123011%2Cn%3A7147440011%2Cn%3A6358543011%2Cn%3A6358544011%2Cp_85%3A2470955011%2Cp_36%3A140000-99999999&qid=1549119149&bbn=6358544011&low-price=1%2C400&high-price=6000,https://www.amazon.com/TAG-Heuer-WAT2350-BB0957-Display-Automatic/dp/B00E32RWB6/ref=sr_1_11/136-8940271-2225933?s=apparel&rps=1&ie=UTF8&qid=1549281861&sr=1-11&nodeID=6358544011&psd=1&refinements=p_85%3A2470955011%2Cp_36%3A140000-600000,TAG Heuer Women's WAT2350.BB0957 Link Analog Display Swiss Automatic Silver Watch,TAG Heuer,https://images-na.ssl-images-amazon.com/images/I/81-XGVczROL._UL1500_.jpg,"$2,375.00",B00E32RWB6,"- WITH MANUFACTURER SERIAL NUMBERS- Silver Guilloche Diamond Dial- 11 Diamonds Set on Dial (0.10 ct)- Date Feature- Self Winding Automatic Movement- Guaranteed Authentic- Certificate of Authenticity- Scratch Resistant Sapphire Crystal- Polished Stainless Steel with 18K Yellow Gold Case & Bracelet- Manufacturer Box & Manual- 100 Meters / 330 Feet Water Resistant- 34.5mm = 1 3/8"" Case, 6"" Adjustable Bracelet- Sapphire Crystal Exhibition Case Back- Deployment BuckleAlso Known As Womens Model # WAT2350BB0957TAG Heuer traces its roots to the small Swiss village of St-Imier where, in 1860, a watchmaker named Edouard Heuer opened his first shop. His vision was to create remarkable timepieces that pushed the envelope of innovation and precision. The company's reputation grew, and Heuer's first patent for a chronograph mechanism in 1882 was followed by a long list of achievements: the first stopwatch accurate to 1/100 of a second, the first dashboard stopwatch for race cars, the first miniature electronic timekeeping device accurate to 1/1000th of a second, and the first automatic movement with a microrotor, to name just a few.Over the years, Heuer's reputation for gold-standard precision earned the company the privilege of providing official timing services for a number of world-class competitive sporting events, including the Olympic Games, the FIS Ski World Cup, and the FIA Formula 1 World Championships. To this day, TAG Heuer maintains a close association with the world of competitive sports and enjoys a devoted following among sports celebrities and enthusiasts. In 1985, Heuer joined the TAG (Techniques D'Avant-Garde) group, and the TAG Heuer name and logo were created. Now one of the most recognized and sought-after watch brands in the world, TAG Heuer continues its reputation of innovative design and technological excellence, creating prestigious timepieces that are always at the cutting edge of precision, reliability and style.See all Product description","Brand, Seller, or Collection Name:TAG Heuer
Model number:WAT2350.BB0957
Part Number:WAT2350.BB0957
Model Year:2014
Item Shape:Round
Dial window material type:Anti reflective sapphire
Display Type:Analog
Clasp:Deployment-clasp
Metal stamp:18k
Case material:Steel and 18k gold
Case diameter:32 millimeters
Case Thickness:11 millimeters
Band Material:Stainless steel
Band length:Women's Standard
Band width:18 millimeters
Band Color:Silver
Dial color:Silver
Bezel material:Gold tone
Bezel function:Stationary
Calendar:Date
Special features:Date, Hour, Minute, Second
Item weight:4.32 Ounces
Movement:Automatic
Water resistant depth:330 Feet
"
https://www.amazon.com/s/ref=sr_nr_p_36_0?rnid=2661611011&rh=n%3A7141123011%2Cn%3A7147440011%2Cn%3A6358543011%2Cn%3A6358544011%2Cp_85%3A2470955011%2Cp_36%3A140000-99999999&qid=1549119149&bbn=6358544011&low-price=1%2C400&high-price=6000,https://www.amazon.com/Omega-DeVille-Prestige-Stainless-42410276053001/dp/B00SQUSO40/ref=sr_1_7/136-8940271-2225933?s=apparel&rps=1&ie=UTF8&qid=1549281861&sr=1-7&nodeID=6358544011&psd=1&refinements=p_85%3A2470955011%2Cp_36%3A140000-600000,Omega DeVille Prestige Blue Diamond Dial Stainless Steel Ladies Watch 42410276053001,Omega,https://images-na.ssl-images-amazon.com/images/I/61FZNrm5fkL._UL1000_.jpg,"$2,052.38",B00SQUSO40,Omega DeVille Prestige Blue Diamond Dial Stainless Steel Ladies Watch 42410276053001,"Brand, Seller, or Collection Name:Omega
Part Number:424.10.27.60.53.001
Item Shape:Round
Display Type:Analog
Clasp:deployant clasp
Case diameter:27.4 millimeters
Band Material:Stainless Steel
Band Color:Blue, Silver
Dial color:Blue
Bezel material:Fixed Stainless Steel
Item weight:15.84 Ounces
Movement:Quartz
Water resistant depth:30 Meters
"
https://www.amazon.com/s/ref=sr_nr_p_36_0?rnid=2661611011&rh=n%3A7141123011%2Cn%3A7147440011%2Cn%3A6358543011%2Cn%3A6358544011%2Cp_85%3A2470955011%2Cp_36%3A140000-99999999&qid=1549119149&bbn=6358544011&low-price=1%2C400&high-price=6000,https://www.amazon.com/Heuer-Aquaracer-Mother-Ladies-WBD1320-BB0320/dp/B077717LHQ/ref=sr_1_8/136-8940271-2225933?s=apparel&rps=1&ie=UTF8&qid=1549281861&sr=1-8&nodeID=6358544011&psd=1&refinements=p_85%3A2470955011%2Cp_36%3A140000-600000,Tag Heuer Aquaracer Mother of Pearl Dial Ladies Two Tone Watch WBD1320.BB0320,TAG Heuer,https://images-na.ssl-images-amazon.com/images/I/51gFi553-NL._UL1000_.jpg,"$1,689.44",B077717LHQ,"New! Tag Heuer Aquaracer Mother of Pearl Dial Ladies Two Tone Watch WBD1320.BB0320- With Manufacturer Serial Numbers- Mother of Pearl White Dial- Index Hour Markers- Date Feature- Battery Operated Quartz Movement- Guaranteed Authentic- Certificate of Authenticity- Manufacturer Box & Manual- Brushed with Polished 18K Yellow Gold with Stainless Steel Case- Brushed with Polished 18K Yellow Gold with Stainless Steel Bracelet- Scratch Resistant Sapphire Crystal- 300 Meters / 1000 Feet Water Resistant- 32mm = 1 1/4"" Case, 6"" Adjustable Bracelet- Uni-Directional Rotating Bezel- Luminescent Hands & Hour Markers- Screw Down Crown & Case Back- Stainless Steel Deployment Buckle with Diving ExtensionAlso Known As Model # WBD1320BB0320 / WBD1320 BB0320","Brand, Seller, or Collection Name:TAG Heuer
Model number:WBD1320.BB0320
Part Number:WBD1320.BB0320
Item Shape:Round
Dial window material type:Anti reflective sapphire
Display Type:Analog
Clasp:Deployment Buckle
Case diameter:32 millimeters
Band Material:Stainless Steel and 18kt Yellow Gold
Band width:20 millimeters
Band Color:yellow gold, White
Dial color:Mother of Pearl
Bezel material:Uni-directional Rotating
Calendar:Date
Special features:Screw down crown, Luminescent Hands
Item weight:2.8 Pounds
Movement:Quartz
Water resistant depth:300 Meters
"
"https://www.amazon.com/s/ref=sr_pg_1?rh=n%3A7141123011%2Cn%3A7147441011%2Cn%3A6358539011%2Cn%3A6358540011%2Cp_85%3A2470955011%2Cp_36%3A140000-600000&bbn=6358540011&ie=UTF8&qid=1549119268&lo=fashion
",https://www.amazon.com/TAG-Heuer-WAR201A-BA0723-Display-Automatic/dp/B00J48W7AK/ref=sr_1_47?s=apparel&rps=1&ie=UTF8&qid=1549281861&sr=1-47&nodeID=6358540011&psd=1&refinements=p_85%3A2470955011%2Cp_36%3A140000-600000,TAG Heuer Men's WAR201A.BA0723 Analog Display Automatic Self Wind Silver Watch,TAG Heuer,https://images-na.ssl-images-amazon.com/images/I/81p06M4KRYL._UL1500_.jpg,,B00J48W7AK,"- WITH MANUFACTURER SERIAL NUMBERS- Black Dial- Day/Date Feature- Self Winding Automatic Calibre 5 Movement- Sapphire Crystal Exhibition Case Back- Guaranteed Authentic- Certificate of Authenticity- Manufacturer Box & Manual- Brushed with Polished Steel Case & Bracelet- Scratch Resistant Sapphire Crystal- 100 Meters / 330 Feet Water Resistant- 41mm = 1 5/8"" Case, 6.5"" Adjustable Bracelet- Deployment Buckle- Fixed Bezel- Luminescent HandsAlso Known As Model # WAR201ABA0723 / WAR201A BA0723Stainless steel case, Stainless steel bracelet, Black dial, Automatic movement, Scratch resistant sapphire, Water resistant up to 10 ATM - 100 meters - 330 feet","Brand, Seller, or Collection Name:TAG Heuer
Model number:WAR201A.BA0723
Part Number:WAR201A.BA0723
Model Year:2016
Item Shape:Round
Dial window material type:Synthetic sapphire
Display Type:Analog
Clasp:fold-over-clasp with double push botton
Case material:Stainless steel
Case diameter:41 millimeters
Case Thickness:14 millimeters
Band Material:Stainless steel
Band length:Men's Standard
Band width:20 millimeters
Band Color:Silver
Dial color:Black
Bezel material:Stainless steel
Bezel function:Stationary
Calendar:Date
Special features:Day/Date Feature
Item weight:1.1 Pounds
Movement:Automatic self wind
Water resistant depth:330 Feet
"
"https://www.amazon.com/s/ref=sr_pg_1?rh=n%3A7141123011%2Cn%3A7147441011%2Cn%3A6358539011%2Cn%3A6358540011%2Cp_85%3A2470955011%2Cp_36%3A140000-600000&bbn=6358540011&ie=UTF8&qid=1549119268&lo=fashion
",https://www.amazon.com/Omega-DeVille-424-13-40-20-02-001-Stainless-Automatic/dp/B00K81199M/ref=sr_1_32?s=apparel&rps=1&ie=UTF8&PageUrl,ProductLink,ProductTitle,Manufacture,Image Url,ProductPrice,ASIN,Description,Extra Description
https://www.amazon.com/s/ref=sr_nr_p_36_0?rnid=2661611011&rh=n%3A7141123011%2Cn%3A7147440011%2Cn%3A6358543011%2Cn%3A6358544011%2Cp_85%3A2470955011%2Cp_36%3A140000-99999999&qid=1549119149&bbn=6358544011&low-price=1%2C400&high-price=6000,https://www.amazon.com/Omega-Seamaster-Terra-Womens-Watch/dp/B07HSTBCY5/ref=sr_1_2/136-5722439-4101303?s=apparel&rps=1&ie=UTF8&qid=1549283344&sr=1-2&nodeID=6358544011&psd=1&refinements=p_85%3A2470955011%2Cp_36%3A140000-600000,Omega Seamaster Aqua Terra 18k Rose Gold Women's Watch - 231.20.30.20.55.001,Omega,https://images-na.ssl-images-amazon.com/images/I/51PeuQ02twL._UL1000_.jpg,"$5,175.00",B07HSTBCY5,"- With Manufacturer Serial Numbers- Swiss Made- Mother of Pearl White Dial Set with Diamonds- 11 Diamond Hour Markers- 60 Second / Minute Track Around Dial- Polished Solid 18k Rose Gold Bezel- Date Feature- 50 Hour Power Reserve- Self-winding Automatic Movement&nbsp &nbsp COSC Chronometer CertifiedCo-Axial Escapement- Omega Caliber 8520- Vibrations Per Hour: 25,200- Guaranteed Authentic- Certificate of Authenticity- Manufacturer Box & Manual- Brushed Stainless Steel with Polished Solid 18k Rose Gold Case- Brushed Solid 18k Rose Gold with Stainless Steel Bracelet- Scratch Resistant Sapphire Crystal- 150 Meters / 500 Feet Water-Resistant- 30mm = 1 1/8"" Case, 6"" Adjustable Bracelet- Case Thickness: 10mm- Inlet Size: 14mm- Fixed Bezel- Sapphire Crystal Exhibition Case Back- Luminescent Hands- Screw Down Crown & Case Back- Stainless Steel Deployment Buckle","Brand, Seller, or Collection Name:Omega
Model number:23120302055001
Part Number:231.20.30.20.55.001
Item Shape:Round
Dial window material type:Anti reflective sapphire
Display Type:Analog
Clasp:Deployment-buckle
Case material:Stainless steel
Case diameter:30 millimeters
Band Material:Stainless Steel, Rose Gold
Band width:14 millimeters
Band Color:White
Dial color:Mother of pearl
Bezel material:Rose Gold
Calendar:Date
Special features:Screw down crown, Transparent case back, Diamonds, COSC Chronometer Certified, Swiss Made
Movement:Swiss automatic
Water resistant depth:150 Meters
"
"https://www.amazon.com/s/ref=sr_pg_1?rh=n%3A7141123011%2Cn%3A7147441011%2Cn%3A6358539011%2Cn%3A6358540011%2Cp_85%3A2470955011%2Cp_36%3A140000-600000&bbn=6358540011&ie=UTF8&qid=1549119268&lo=fashion
",https://www.amazon.com/Omega-212-30-44-50-01-001-Seamaster-Automatic-Watch/dp/B00FWJZM3Y/ref=sr_1_45/141-9690896-8903001?s=apparel&rps=1&ie=UTF8&qid=1549283350&sr=1-45&nodeID=6358540011&psd=1&refinements=p_85%3A2470955011%2Cp_36%3A140000-600000,Omega 212.30.44.50.01.001 Seamaster Automatic Mens Watch - Black Dial,Omega,https://images-na.ssl-images-amazon.com/images/I/61nNldzqI3L._UL1000_.jpg,"$3,799.00",B00FWJZM3Y,"- WITH MANUFACTURER SERIAL NUMBERS- Black Dial with Red Accents- Black Ceramic Bezel- Chronograph Feature- Self Winding Automatic Chronometer Movement- Column-Wheel Mechanism & Co-Axial Escapement- Unidirectional Rotating Bezel- Guaranteed Authentic- Certificate of Authenticity- Stainless Steel Case & Bracelet- Scratch Resistant Sapphire Crystal- Manufacturer Box & Manual- 300 Meters / 1000 Feet Water Resistant- 44mm = 1 3/4"" Case, 7"" Adjustable Bracelet- Deployment Buckle- Luminescent Hands and Markers- Screw Down Crown & CasebackAlso Known As Gents Model # 21230445001001","Brand, Seller, or Collection Name:Omega
Model number:212.30.44.50.01.001
Part Number:212.30.44.50.01.001
Item Shape:Round
Dial window material type:sapphire-crystal
Display Type:Analog
Clasp:
Case material:Stainless steel
Case diameter:44.50
Case Thickness:13
Band Material:Stainless steel
Band width:22.90
Band Color:Red
Dial color:Black
Bezel material:Uni-directional Rotating Stainless Steel with Blac
Special features:1 year seller's warrany, water resistant
Item weight:1.1 Pounds
Movement:Swiss automatic
"
https://www.amazon.com/s/ref=sr_nr_p_36_0?rnid=2661611011&rh=n%3A7141123011%2Cn%3A7147440011%2Cn%3A6358543011%2Cn%3A6358544011%2Cp_85%3A2470955011%2Cp_36%3A140000-99999999&qid=1549119149&bbn=6358544011&low-price=1%2C400&high-price=6000,https://www.amazon.com/Heuer-Aquaracer-Mother-Ladies-WBD1320-BB0320/dp/B077717LHQ/ref=sr_1_8/136-5722439-4101303?s=apparel&rps=1&ie=UTF8&qid=1549283344&sr=1-8&nodeID=6358544011&psd=1&refinements=p_85%3A2470955011%2Cp_36%3A140000-600000,Tag Heuer Aquaracer Mother of Pearl Dial Ladies Two Tone Watch WBD1320.BB0320,TAG Heuer,https://images-na.ssl-images-amazon.com/images/I/51gFi553-NL._UL1000_.jpg,"$1,689.44",B077717LHQ,"New! Tag Heuer Aquaracer Mother of Pearl Dial Ladies Two Tone Watch WBD1320.BB0320- With Manufacturer Serial Numbers- Mother of Pearl White Dial- Index Hour Markers- Date Feature- Battery Operated Quartz Movement- Guaranteed Authentic- Certificate of Authenticity- Manufacturer Box & Manual- Brushed with Polished 18K Yellow Gold with Stainless Steel Case- Brushed with Polished 18K Yellow Gold with Stainless Steel Bracelet- Scratch Resistant Sapphire Crystal- 300 Meters / 1000 Feet Water Resistant- 32mm = 1 1/4"" Case, 6"" Adjustable Bracelet- Uni-Directional Rotating Bezel- Luminescent Hands & Hour Markers- Screw Down Crown & Case Back- Stainless Steel Deployment Buckle with Diving ExtensionAlso Known As Model # WBD1320BB0320 / WBD1320 BB0320","Brand, Seller, or Collection Name:TAG Heuer
Model number:WBD1320.BB0320
Part Number:WBD1320.BB0320
Item Shape:Round
Dial window material type:Anti reflective sapphire
Display Type:Analog
Clasp:Deployment Buckle
Case diameter:32 millimeters
Band Material:Stainless Steel and 18kt Yellow Gold
Band width:20 millimeters
Band Color:yellow gold, White
Dial color:Mother of Pearl
Bezel material:Uni-directional Rotating
Calendar:Date
Special features:Screw down crown, Luminescent Hands
Item weight:2.8 Pounds
Movement:Quartz
Water resistant depth:300 Meters
"
https://www.amazon.com/s/ref=sr_pg_2/136-5722439-4101303?rh=n%3A7141123011%2Cn%3A7147440011%2Cn%3A6358543011%2Cn%3A6358544011%2Cp_85%3A2470955011%2Cp_36%3A140000-600000&page=2&bbn=6358544011&ie=UTF8&qid=1549283344,https://www.amazon.com/David-Yurman-Diamond-Accented-Stainless/dp/B007YJZ0MI/ref=sr_1_94?s=apparel&rps=1&ie=UTF8&qid=1549283356&sr=1-94&nodeID=6358544011&psd=1&refinements=p_85%3A2470955011%2Cp_36%3A140000-600000,David Yurman Diamond Accented Stainless Steel and Ceramic Watch/30mm,David Yurman,https://images-na.ssl-images-amazon.com/images/I/51XESpOUoWL._UL1001_.jpg,"$3,250.00",B007YJZ0MI,David Yurman Diamond Accented Stainless Steel and Ceramic Watch/30mm,"Brand, Seller, or Collection Name:David Yurman
Model number:0409769064733
Part Number:0409769064733
Item Shape:Round
Dial window material type:Synthetic sapphire
Display Type:Analog
Case material:Stainless steel
Case diameter:30 millimeters
Band Material:stainless-steel & white ceramic
Band Color:Silver & White
Dial color:White
Bezel material:Diamnds
Special features:Ceramic Bracelet
Movement:Analog quartz
"
https://www.amazon.com/s/ref=sr_pg_2/136-5722439-4101303?rh=n%3A7141123011%2Cn%3A7147440011%2Cn%3A6358543011%2Cn%3A6358544011%2Cp_85%3A2470955011%2Cp_36%3A140000-600000&page=2&bbn=6358544011&ie=UTF8&qid=1549283344,https://www.amazon.com/Cartier-Womens-W69010Z4-Ballon-Stainless/dp/B001TRF3G4/ref=sr_1_95?s=apparel&rps=1&ie=UTF8&qid=1549283356&sr=1-95&nodeID=6358544011&psd=1&refinements=p_85%3A2470955011%2Cp_36%3A140000-600000,Cartier Women's W69010Z4 Ballon Bleu Stainless Steel Dress Watch,Cartier,https://images-na.ssl-images-amazon.com/images/I/81UxgX7zjsL._UL1500_.jpg,"$4,175.00",B001TRF3G4,"Stainless steel case with a stainless steel link bracelet. Fixed stainless steel bezel. Silver opaline dial with blued steel hands and black Roman numeral hour hour markers. Minute markers on an inner ring. Battery operated Swiss quartz movement. Scratch resistant anti-reflective sapphire crystal. Fluted crown set with synthetic cabochon. Solid case back. Case diameter: 28 mm. Case thickness: 9.5 mm. Deployment clasp. Water resistant at 30 meters / 100 feet. Functions: hours, minutes. Cartier Ballon Bleu de Cartier Ladies Watch W69010Z4.","Brand, Seller, or Collection Name:Cartier
Model number:W69010Z4
Part Number:W69010Z4
Model Year:2009
Item Shape:Round
Dial window material type:Scratch resistant sapphire
Display Type:Analog
Clasp:Deployment-clasp
Case material:Stainless steel
Case diameter:29 millimeters
Case Thickness:9.1 millimeters
Band Material:Stainless steel
Band length:womens
Band width:14 millimeters
Band Color:Silver
Dial color:Silver
Bezel material:Stainless steel
Bezel function:Stationary
Special features:Water Resistant
Item weight:15.84 Ounces
Movement:Swiss quartz
Water resistant depth:99 Feet
"
https://www.amazon.com/s/ref=sr_nr_p_36_0?rnid=2661611011&rh=n%3A7141123011%2Cn%3A7147440011%2Cn%3A6358543011%2Cn%3A6358544011%2Cp_85%3A2470955011%2Cp_36%3A140000-99999999&qid=1549119149&bbn=6358544011&low-price=1%2C400&high-price=6000,https://www.amazon.com/Bulova-Rubaiyat-Silver-Stainless-Ladies/dp/B07CPHHYJ9/ref=sr_1_14/136-5722439-4101303?s=apparel&rps=1&ie=UTF8&qid=1549283344&sr=1-14&nodeID=6358544011&psd=1&refinements=p_85%3A2470955011%2Cp_36%3A140000-600000,Bulova Rubaiyat Silver Dial Stainless Steel Ladies Watch 96R220,Bulova,https://images-na.ssl-images-amazon.com/images/I/61%2BCK5af95L._UL1000_.jpg,"$2,137.50",B07CPHHYJ9,"Bulova Rubaiyat Silver Dial Stainless Steel Ladies Watch 96R220. 35 mm silver tone stainless steel case with a diamond set bezel. A silver dial and a scratch resistant sapphire crystal. Silver tone hands. 8 diamond hour markers with Roman numerals at the 3, 6, and 9 o'clock positions. Logo at 12 o'clock. Hands: hours and minutes. Case thickness of 9 mm. Push / pull blue Cabochon crown. 22 mm silver tone stainless steel bracelet with a deployment clasp. Quartz movement and water resistant up to 30 meters. Style: dress watches. Rubaiyat series.","Brand, Seller, or Collection Name:Bulova
Part Number:96R220
Item Shape:Round
Dial window material type:Anti reflective sapphire
Display Type:Analog
Clasp:deployant clasp
Band Material:Stainless steel
Band width:22 millimeters
Band Color:Silver
Dial color:Silver
Bezel material:diamond
Special features:diamonds
Movement:Quartz
Water resistant depth:30 Meters
"
https://www.amazon.com/s/ref=sr_nr_p_36_0?rnid=2661611011&rh=n%3A7141123011%2Cn%3A7147440011%2Cn%3A6358543011%2Cn%3A6358544011%2Cp_85%3A2470955011%2Cp_36%3A140000-99999999&qid=1549119149&bbn=6358544011&low-price=1%2C400&high-price=6000,https://www.amazon.com/Omega-Womens-12310276005001-Constellation-Display-x/dp/B009AO6ULK/ref=sr_1_46/136-5722439-4101303?s=apparel&rps=1&ie=UTF8&qid=1549283344&sr=1-46&nodeID=6358544011&psd=1&refinements=p_85%3A2470955011%2Cp_36%3A140000-600000,Omega Women's 12310276005001 Constellation Analog Display Swiss Quartz Silver Watch,Omega,https://images-na.ssl-images-amazon.com/images/I/81E9qmTKZDL._UL1500_.jpg,"$2,040.98",B009AO6ULK,"Stainless steel case with a brushed stainless steel bracelet. Fixed stainless steel bezel. Mother of pearl dial with silver-tone hands and index hour markers. Dial Type: Analog. Quartz movement. Scratch resistant sapphire crystal. Pull / push crown. Solid case back. Case diameter: 27 mm. Case thickness: 9 mm. Round case shape. Bracelet width: 18 mm. Fold over clasp with a safety release. Water resistant at 100 meters / 330 feet. Functions: hour, minute. Luxury watch style. Watch label: Swiss Made. Omega Constellation Mother of Pearl Dial Stainless Steel Ladies Watch 123.10.27.60.05.001.The especially dramatic and enduring design concept of the omega constellation line is characterized by its famous ""griffes"", or claws, and striking dials. This brushed model features a white mother-of-pearl dial covered by a scratch-resistant sapphire crystal. The bezel, with its engraved roman numerals, is mounted on a 27 mm stainless steel case, and is presented on a stainless steel bracelet. This timepiece is powered by omega's calibre 1376, a precision quartz movement.","Brand, Seller, or Collection Name:Omega
Model number:12310276005001
Part Number:12310276005001
Item Shape:Round
Dial window material type:Anti reflective sapphire
Display Type:Analog
Clasp:deployant-clasp
Case material:Stainless steel
Case diameter:27 millimeters
Case Thickness:9 millimeters
Band Material:Stainless steel
Band length:Women's Standard
Band width:15 millimeters
Band Color:Silver
Dial color:Mother of pearl
Bezel material:Stainless steel
Bezel function:Stationary
Special features:Water Resistant
Item weight:15.84 Ounces
Movement:Swiss quartz
Water resistant depth:330 Feet
"
https://www.amazon.com/s/ref=sr_pg_2/136-5722439-4101303?rh=n%3A7141123011%2Cn%3A7147440011%2Cn%3A6358543011%2Cn%3A6358544011%2Cp_85%3A2470955011%2Cp_36%3A140000-600000&page=2&bbn=6358544011&ie=UTF8&qid=1549283344,https://www.amazon.com/Heuer-Formula-Ladies-Watch-WAH1211-BA0861/dp/B003YCKVG4/ref=sr_1_86?s=apparel&rps=1&ie=UTF8&qid=1549283356&sr=1-86&nodeID=6358544011&psd=1&refinements=p_85%3A2470955011%2Cp_36%3A140000-600000,Tag Heuer Formula 1 Ladies Watch WAH1211.BA0861,TAG Heuer,https://images-na.ssl-images-amazon.com/images/I/81vrS3Fw2ZL._UL1500_.jpg,,B003YCKVG4,** FineBrandWatches offers FREE Ground Shipping on all orders over $99.00 within the 48 Contiguous States **,"Brand, Seller, or Collection Name:TAG Heuer
Model number:WAH1211.BA0861
Part Number:WAH1211.BA0861
Model Year:2015
Item Shape:Round
Dial window material type:Anti reflective sapphire
Display Type:Analog
Clasp:Deploy Clasp
Case material:other-material
Case diameter:37 millimeters
Case Thickness:9 millimeters
Band Material:Stainless & Ceramic
Band length:8
Band width:16 millimeters
Band Color:Silver
Dial color:White
Bezel material:Stainless steel
Bezel function:Tachometer
Calendar:Date
Special features:Measures-seconds, Date display
Item weight:15.84 Ounces
Movement:Electronic Quartz
Water resistant depth:200 Meters
"
https://www.amazon.com/s/ref=sr_pg_2/136-5722439-4101303?rh=n%3A7141123011%2Cn%3A7147440011%2Cn%3A6358543011%2Cn%3A6358544011%2Cp_85%3A2470955011%2Cp_36%3A140000-600000&page=2&bbn=6358544011&ie=UTF8&qid=1549283344,https://www.amazon.com/Cartier-Womens-W69007Z3-Ballon-Stainless/dp/B001TRF3F0/ref=sr_1_83?s=apparel&rps=1&ie=UTF8&qid=1549283356&sr=1-83&nodeID=6358544011&psd=1&refinements=p_85%3A2470955011%2Cp_36%3A140000-600000,Cartier Women's W69007Z3 Ballon Bleu Stainless Steel and 18K Gold Watch,Cartier,https://images-na.ssl-images-amazon.com/images/I/81K%2BESQk8uL._UL1500_.jpg,"$5,949.98",B001TRF3F0,"The sophisticated Cartier Women's Ballon Bleu Stainless Steel and 18K Gold Watch is designed with delicate two-tone gold accents to create an accessory suitable for semi-formal social engagements. The timepiece is constructed with a stainless steel case, a stationary round stainless steel bezel, and an 18-karat-gold and stainless steel link bracelet with a secure deployment buckle. A scratch-resistant sapphire window shields the silvered-opaline dial, which features black Roman numeral hour markers and slim minute indexes. In addition, this beautiful watch is powered by superior Swiss-quartz movement.","Brand, Seller, or Collection Name:Cartier
Model number:W69007Z3
Part Number:W69007Z3
Model Year:2016
Item Shape:Round
Dial window material type:Scratch resistant sapphire
Display Type:Analog
Clasp:Deployment-clasp
Metal stamp:18K and Stainless Steel
Case material:Stainless steel
Case diameter:28.4 millimeters
Case Thickness:9.5 millimeters
Band Material:18k-gold-and-stainless-steel
Band length:womens
Band width:18 millimeters
Band Color:Silver
Dial color:Two-Toned
Bezel material:Stainless steel
Bezel function:Stationary
Special features:Water Resistant
Item weight:16 Ounces
Movement:Swiss quartz
Water resistant depth:99 Feet
"
https://www.amazon.com/s/ref=sr_pg_2/136-5722439-4101303?rh=n%3A7141123011%2Cn%3A7147440011%2Cn%3A6358543011%2Cn%3A6358544011%2Cp_85%3A2470955011%2Cp_36%3A140000-600000&page=2&bbn=6358544011&ie=UTF8&qid=1549283344,https://www.amazon.com/TAG-Heuer-Womens-Aquaracer-Stainless/dp/B00DG9KA34/ref=sr_1_80?s=apparel&rps=1&ie=UTF8&qid=1549283356&sr=1-80&nodeID=6358544011&psd=1&refinements=p_85%3A2470955011%2Cp_36%3A140000-600000,"TAG Heuer Women's 'Aquaracer' Swiss Quartz Stainless Steel Dress Watch, Color:Rose Gold-Toned (Model: WAP1452.BD0837",TAG Heuer,https://images-na.ssl-images-amazon.com/images/I/81csz4sX1DL._UL150PageUrl,ProductLink,ProductTitle,Manufacture,Image Url,ProductPrice,ASIN,Description,Extra Description
https://www.amazon.com/s/ref=sr_nr_p_36_0?rnid=2661611011&rh=n%3A7141123011%2Cn%3A7147440011%2Cn%3A6358543011%2Cn%3A6358544011%2Cp_85%3A2470955011%2Cp_36%3A140000-99999999&qid=1549119149&bbn=6358544011&low-price=1%2C400&high-price=6000,https://www.amazon.com/Omega-Seamaster-Terra-Womens-Watch/dp/B07HSTBCY5/ref=sr_1_2/130-3763140-2677544?s=apparel&rps=1&ie=UTF8&qid=1549283389&sr=1-2&nodeID=6358544011&psd=1&refinements=p_85%3A2470955011%2Cp_36%3A140000-600000,Omega Seamaster Aqua Terra 18k Rose Gold Women's Watch - 231.20.30.20.55.001,Omega,https://images-na.ssl-images-amazon.com/images/I/51PeuQ02twL._UL1000_.jpg,"$5,175.00",B07HSTBCY5,"- With Manufacturer Serial Numbers- Swiss Made- Mother of Pearl White Dial Set with Diamonds- 11 Diamond Hour Markers- 60 Second / Minute Track Around Dial- Polished Solid 18k Rose Gold Bezel- Date Feature- 50 Hour Power Reserve- Self-winding Automatic Movement&nbsp &nbsp COSC Chronometer CertifiedCo-Axial Escapement- Omega Caliber 8520- Vibrations Per Hour: 25,200- Guaranteed Authentic- Certificate of Authenticity- Manufacturer Box & Manual- Brushed Stainless Steel with Polished Solid 18k Rose Gold Case- Brushed Solid 18k Rose Gold with Stainless Steel Bracelet- Scratch Resistant Sapphire Crystal- 150 Meters / 500 Feet Water-Resistant- 30mm = 1 1/8"" Case, 6"" Adjustable Bracelet- Case Thickness: 10mm- Inlet Size: 14mm- Fixed Bezel- Sapphire Crystal Exhibition Case Back- Luminescent Hands- Screw Down Crown & Case Back- Stainless Steel Deployment Buckle","Brand, Seller, or Collection Name:Omega
Model number:23120302055001
Part Number:231.20.30.20.55.001
Item Shape:Round
Dial window material type:Anti reflective sapphire
Display Type:Analog
Clasp:Deployment-buckle
Case material:Stainless steel
Case diameter:30 millimeters
Band Material:Stainless Steel, Rose Gold
Band width:14 millimeters
Band Color:White
Dial color:Mother of pearl
Bezel material:Rose Gold
Calendar:Date
Special features:Screw down crown, Transparent case back, Diamonds, COSC Chronometer Certified, Swiss Made
Movement:Swiss automatic
Water resistant depth:150 Meters
"
https://www.amazon.com/s/ref=sr_nr_p_36_0?rnid=2661611011&rh=n%3A7141123011%2Cn%3A7147440011%2Cn%3A6358543011%2Cn%3A6358544011%2Cp_85%3A2470955011%2Cp_36%3A140000-99999999&qid=1549119149&bbn=6358544011&low-price=1%2C400&high-price=6000,https://www.amazon.com/TAG-Heuer-WAH1221-BB0865-Two-Tone-Bracelet/dp/B007V33CPY/ref=sr_1_43/130-3763140-2677544?s=apparel&rps=1&ie=UTF8&qid=1549283389&sr=1-43&nodeID=6358544011&psd=1&refinements=p_85%3A2470955011%2Cp_36%3A140000-600000,TAG Heuer Women's WAH1221.BB0865 Formula 1 Two-Tone Bracelet Watch with White Ceramic and Diamonds,TAG Heuer,https://images-na.ssl-images-amazon.com/images/I/81PTvInGDeL._UL1500_.jpg,"$3,200.00",B007V33CPY,"- WITH MANUFACTURER SERIAL NUMBERS- White Diamond Dial- Diamonds Set on Bezel- Battery Operated Quartz Movement- Guaranteed Authentic- Certificate of Authenticity- Manufacturer Box & Manual- Scratch Resistant Sapphire Crystal- Polished Steel Case- Steel with White Tone Ceramic Bracelet- 200 Meters / 660 Feet Water Resistant- 36mm = 1 1/3"" Case, 7"" Adjustable Bracelet- Deployment Buckle- Screw Down Crown & CasebackAlso Known As Womens Model # WAH1221 BB0865 / WAH1221BB0865Polished stainless steel case with a steel and ceramic bracelet with gold trim. Ceramic bezel set with diamonds bezel. White dial with luminous hands and diamond hour markers. Minute markers around the outer rim.","Brand, Seller, or Collection Name:TAG Heuer
Model number:WAH1221.BB0865
Part Number:WAH1221.BB0865
Model Year:2017
Item Shape:Round
Dial window material type:Anti reflective sapphire
Display Type:Analog
Clasp:Deployment-clasp-with-push-button
Case material:Stainless steel
Case diameter:34.4 millimeters
Case Thickness:10 millimeters
Band Material:Silver and Gold
Band length:Women's Standard
Band width:17 millimeters
Band Color:Two Tone
Dial color:White
Bezel material:Ceramic
Bezel function:Stationary
Calendar:Date
Special features:Screw down crown
Item weight:15.84 Ounces
Movement:Quartz
Water resistant depth:660 Feet
"
https://www.amazon.com/s/ref=sr_nr_p_36_0?rnid=2661611011&rh=n%3A7141123011%2Cn%3A7147440011%2Cn%3A6358543011%2Cn%3A6358544011%2Cp_85%3A2470955011%2Cp_36%3A140000-99999999&qid=1549119149&bbn=6358544011&low-price=1%2C400&high-price=6000,https://www.amazon.com/Concord-Saratoga-Womens-Two-Tone-Diamond/dp/B07DGJZ2ST/ref=sr_1_41/130-3763140-2677544?s=apparel&rps=1&ie=UTF8&qid=1549283389&sr=1-41&nodeID=6358544011&psd=1&refinements=p_85%3A2470955011%2Cp_36%3A140000-600000,Concord Saratoga Womens Two-Tone Real Diamond Watch - 31mm Mother of Pearl Face with Second Hand Stainless Steel and Rose Gold Ladies Watch - Durable Metal Band Luxury Watches for Women 0320169,Concord,https://images-na.ssl-images-amazon.com/images/I/81GoZh7D1QL._UL1500_.jpg,"$1,997.00",B07DGJZ2ST,"ConcordConcord was founded in Biel, Switzerland in 1908. The MGI Luxury Group acquired the traditional Swiss luxury brand, once known as Watchmaker to the Gentry, in the early 1970s, and later re-launched it as a dynamic, highly original, masculine niche brand for a new millennium. Concord experienced a dramatic surge in innovation and creativity that capitalized on its proud roots as well as its passion for innovation and creativity. The brand embraced the challenge of a bold repositioning strategy that transcended its already extraordinary horological achievements of the past.Today, that watershedrevolutionis giving way to a process of change that is more aboutevolution. An approach that aims to consolidate the brand’s heritage, its outstanding efforts in the recent past, as well as its current success, all in a smoothly streamlined manner that is in tune with the times – thus reflecting the very definition of the word “concord”, which means harmony. This is indeed a vital step in establishing a bright and exciting future – one that involves making the brand truly international, and ensuring that it lives up to its name.","Brand, Seller, or Collection Name:Concord
Model number:0320169
Part Number:0320169
Item Shape:Round
Dial window material type:scratch-resistant-sappphire
Display Type:Analog
Clasp:Deployment-clasp-with-push-button
Metal stamp:18k
Case material:Stainless steel
Case diameter:31 millimeters
Case Thickness:8
Band Material:Gold-tone stainless steel
Band length:Women's Standard
Band width:15 millimeters
Band Color:Silver
Dial color:Mother of pearl
Bezel material:Rose Gold
Calendar:Date
Special features:Water Resistant, Calendar
Item weight:14.40 Ounces
Movement:Swiss quartz
Water resistant depth:99 Feet
"
https://www.amazon.com/s/ref=sr_pg_3/130-3763140-2677544?rh=n%3A7141123011%2Cn%3A7147440011%2Cn%3A6358543011%2Cn%3A6358544011%2Cp_85%3A2470955011%2Cp_36%3A140000-600000&page=3&bbn=6358544011&ie=UTF8&qid=1549283427,https://www.amazon.com/Gevril-Womans-Americas-Stainless-Gold-Toned/dp/B0776ZSS7Y/ref=sr_1_143/130-3763140-2677544?s=apparel&rps=1&ie=UTF8&qid=1549283454&sr=1-143&nodeID=6358544011&psd=1&refinements=p_85%3A2470955011%2Cp_36%3A140000-600000,Gevril Woman's 'Ave Of Americas Mezzo' Quartz and Stainless Steel Gold-Toned Watch,Gevril,https://images-na.ssl-images-amazon.com/images/I/814ot4C8nHL._UL1500_.jpg,"$2,995.00",B0776ZSS7Y,"Blending a bold watch face with feminine details, this gold tone women's quartz timepiece from Gevril Avenue of the Americas collection. The watch offers a bevy of small artistic flourishes including a uniquely patterned guilloche dial and a highly stylized Arabic numeral display that is raised off the surface of the dial. A silver dial frames a centerpiece of mother-of-pearl, and it also includes a three-handed movement and date window above 6 o'clock. The stainless steel case measures 30mm wide. Other features include a precise Swiss Quartz Movement, curved sapphire crystal for excellent scratch resistance, and water resistance to 50 meters.","Brand, Seller, or Collection Name:Gevril
Model number:9444YB
Part Number:9444YB
Item Shape:rectangle
Dial window material type:Anti reflective sapphire
Display Ty